id,name,age,city
1,Jane Smith,34,Los Angeles
2,Alice Johnson,45,Chicago
3,Bob Brown,22,Houston
4,Emily White,30,Phoenix
5,John Doe,28,New York
6,Jane Smith,34,Los Angeles
7,Alice Johnson,45,Chicago
8,Bob Brown,22,Houston
9,Emily White,30,Phoenix
10,John Doe,28,New York
11,Jane Smith,34,Los Angeles
12,Alice Johnson,45,Chicago
13,Bob Brown,22,Houston
14,Emily White,30,Phoenix
15,John Doe,28,New York
16,Jane Smith,34,Los Angeles
17,Alice Johnson,45,Chicago
18,Bob Brown,22,Houston
19,Emily White,30,Phoenix
20,John Doe,28,New York
21,Jane Smith,34,Los Angeles
22,Alice Johnson,45,Chicago
23,Bob Brown,22,Houston
24,Emily White,30,Phoenix
25,John Doe,28,New York
26,Jane Smith,34,Los Angeles
27,Alice Johnson,45,Chicago
28,Bob Brown,22,Houston
29,Emily White,30,Phoenix
30,John Doe,28,New York
31,Jane Smith,34,Los Angeles
32,Alice Johnson,45,Chicago
33,Bob Brown,22,Houston
34,Emily White,30,Phoenix
35,John Doe,28,New York
36,Jane Smith,34,Los Angeles
37,Alice Johnson,45,Chicago
38,Bob Brown,22,Houston
39,Emily White,30,Phoenix
40,John Doe,28,New York
41,Jane Smith,34,Los Angeles
42,Alice Johnson,45,Chicago
43,Bob Brown,22,Houston
44,Emily White,30,Phoenix
45,John Doe,28,New York
46,Jane Smith,34,Los Angeles
47,Alice Johnson,45,Chicago
48,Bob Brown,22,Houston
49,Emily White,30,Phoenix
50,John Doe,28,New York
51,Jane Smith,34,Los Angeles
52,Alice Johnson,45,Chicago
53,Bob Brown,22,Houston
54,Emily White,30,Phoenix
55,John Doe,28,New York
56,Jane Smith,34,Los Angeles
57,Alice Johnson,45,Chicago
58,Bob Brown,22,Houston
59,Emily White,30,Phoenix
60,John Doe,28,New York
61,Jane Smith,34,Los Angeles
62,Alice Johnson,45,Chicago
63,Bob Brown,22,Houston
64,Emily White,30,Phoenix
65,John Doe,28,New York
66,Jane Smith,34,Los Angeles
67,Alice Johnson,45,Chicago
68,Bob Brown,22,Houston
69,Emily White,30,Phoenix
70,John Doe,28,New York
71,Jane Smith,34,Los Angeles
72,Alice Johnson,45,Chicago
73,Bob Brown,22,Houston
74,Emily White,30,Phoenix
75,John Doe,28,New York
76,Jane Smith,34,Los Angeles
77,Alice Johnson,45,Chicago
78,Bob Brown,22,Houston
79,Emily White,30,Phoenix
80,John Doe,28,New York
81,Jane Smith,34,Los Angeles
82,Alice Johnson,45,Chicago
83,Bob Brown,22,Houston
84,Emily White,30,Phoenix
85,John Doe,28,New York
86,Jane Smith,34,Los Angeles
87,Alice Johnson,45,Chicago
88,Bob Brown,22,Houston
89,Emily White,30,Phoenix
90,John Doe,28,New York
91,Jane Smith,34,Los Angeles
92,Alice Johnson,45,Chicago
93,Bob Brown,22,Houston
94,Emily White,30,Phoenix
95,John Doe,28,New York
96,Jane Smith,34,Los Angeles
97,Alice Johnson,45,Chicago
98,Bob Brown,22,Houston
99,Emily White,30,Phoenix
100,John Doe,28,New York
101,Jane Smith,34,Los Angeles
102,Alice Johnson,45,Chicago
103,Bob Brown,22,Houston
104,Emily White,30,Phoenix
105,John Doe,28,New York
106,Jane Smith,34,Los Angeles
107,Alice Johnson,45,Chicago
108,Bob Brown,22,Houston
109,Emily White,30,Phoenix
110,John Doe,28,New York
111,Jane Smith,34,Los Angeles
112,Alice Johnson,45,Chicago
113,Bob Brown,22,Houston
114,Emily White,30,Phoenix
115,John Doe,28,New York
116,Jane Smith,34,Los Angeles
117,Alice Johnson,45,Chicago
118,Bob Brown,22,Houston
119,Emily White,30,Phoenix
120,John Doe,28,New York
121,Jane Smith,34,Los Angeles
122,Alice Johnson,45,Chicago
123,Bob Brown,22,Houston
124,Emily White,30,Phoenix
125,John Doe,28,New York
126,Jane Smith,34,Los Angeles
127,Alice Johnson,45,Chicago
128,Bob Brown,22,Houston
129,Emily White,30,Phoenix
130,John Doe,28,New York
131,Jane Smith,34,Los Angeles
132,Alice Johnson,45,Chicago
133,Bob Brown,22,Houston
134,Emily White,30,Phoenix
135,John Doe,28,New York
136,Jane Smith,34,Los Angeles
137,Alice Johnson,45,Chicago
138,Bob Brown,22,Houston
139,Emily White,30,Phoenix
140,John Doe,28,New York
141,Jane Smith,34,Los Angeles
142,Alice Johnson,45,Chicago
143,Bob Brown,22,Houston
144,Emily White,30,Phoenix
145,John Doe,28,New York
146,Jane Smith,34,Los Angeles
147,Alice Johnson,45,Chicago
148,Bob Brown,22,Houston
149,Emily White,30,Phoenix
150,John Doe,28,New York
151,Jane Smith,34,Los Angeles
152,Alice Johnson,45,Chicago
153,Bob Brown,22,Houston
154,Emily White,30,Phoenix
155,John Doe,28,New York
156,Jane Smith,34,Los Angeles
157,Alice Johnson,45,Chicago
158,Bob Brown,22,Houston
159,Emily White,30,Phoenix
160,John Doe,28,New York
161,Jane Smith,34,Los Angeles
162,Alice Johnson,45,Chicago
163,Bob Brown,22,Houston
164,Emily White,30,Phoenix
165,John Doe,28,New York
166,Jane Smith,34,Los Angeles
167,Alice Johnson,45,Chicago
168,Bob Brown,22,Houston
169,Emily White,30,Phoenix
170,John Doe,28,New York
171,Jane Smith,34,Los Angeles
172,Alice Johnson,45,Chicago
173,Bob Brown,22,Houston
174,Emily White,30,Phoenix
175,John Doe,28,New York
176,Jane Smith,34,Los Angeles
177,Alice Johnson,45,Chicago
178,Bob Brown,22,Houston
179,Emily White,30,Phoenix
180,John Doe,28,New York
181,Jane Smith,34,Los Angeles
182,Alice Johnson,45,Chicago
183,Bob Brown,22,Houston
184,Emily White,30,Phoenix
185,John Doe,28,New York
186,Jane Smith,34,Los Angeles
187,Alice Johnson,45,Chicago
188,Bob Brown,22,Houston
189,Emily White,30,Phoenix
190,John Doe,28,New York
191,Jane Smith,34,Los Angeles
192,Alice Johnson,45,Chicago
193,Bob Brown,22,Houston
194,Emily White,30,Phoenix
195,John Doe,28,New York
196,Jane Smith,34,Los Angeles
197,Alice Johnson,45,Chicago
198,Bob Brown,22,Houston
199,Emily White,30,Phoenix
200,John Doe,28,New York
201,Jane Smith,34,Los Angeles
202,Alice Johnson,45,Chicago
203,Bob Brown,22,Houston
204,Emily White,30,Phoenix
205,John Doe,28,New York
206,Jane Smith,34,Los Angeles
207,Alice Johnson,45,Chicago
208,Bob Brown,22,Houston
209,Emily White,30,Phoenix
210,John Doe,28,New York
211,Jane Smith,34,Los Angeles
212,Alice Johnson,45,Chicago
213,Bob Brown,22,Houston
214,Emily White,30,Phoenix
215,John Doe,28,New York
216,Jane Smith,34,Los Angeles
217,Alice Johnson,45,Chicago
218,Bob Brown,22,Houston
219,Emily White,30,Phoenix
220,John Doe,28,New York
221,Jane Smith,34,Los Angeles
222,Alice Johnson,45,Chicago
223,Bob Brown,22,Houston
224,Emily White,30,Phoenix
225,John Doe,28,New York
226,Jane Smith,34,Los Angeles
227,Alice Johnson,45,Chicago
228,Bob Brown,22,Houston
229,Emily White,30,Phoenix
230,John Doe,28,New York
231,Jane Smith,34,Los Angeles
232,Alice Johnson,45,Chicago
233,Bob Brown,22,Houston
234,Emily White,30,Phoenix
235,John Doe,28,New York
236,Jane Smith,34,Los Angeles
237,Alice Johnson,45,Chicago
238,Bob Brown,22,Houston
239,Emily White,30,Phoenix
240,John Doe,28,New York
241,Jane Smith,34,Los Angeles
242,Alice Johnson,45,Chicago
243,Bob Brown,22,Houston
244,Emily White,30,Phoenix
245,John Doe,28,New York
246,Jane Smith,34,Los Angeles
247,Alice Johnson,45,Chicago
248,Bob Brown,22,Houston
249,Emily White,30,Phoenix
250,John Doe,28,New York
251,Jane Smith,34,Los Angeles
252,Alice Johnson,45,Chicago
253,Bob Brown,22,Houston
254,Emily White,30,Phoenix
255,John Doe,28,New York
256,Jane Smith,34,Los Angeles
257,Alice Johnson,45,Chicago
258,Bob Brown,22,Houston
259,Emily White,30,Phoenix
260,John Doe,28,New York
261,Jane Smith,34,Los Angeles
262,Alice Johnson,45,Chicago
263,Bob Brown,22,Houston
264,Emily White,30,Phoenix
265,John Doe,28,New York
266,Jane Smith,34,Los Angeles
267,Alice Johnson,45,Chicago
268,Bob Brown,22,Houston
269,Emily White,30,Phoenix
270,John Doe,28,New York
271,Jane Smith,34,Los Angeles
272,Alice Johnson,45,Chicago
273,Bob Brown,22,Houston
274,Emily White,30,Phoenix
275,John Doe,28,New York
276,Jane Smith,34,Los Angeles
277,Alice Johnson,45,Chicago
278,Bob Brown,22,Houston
279,Emily White,30,Phoenix
280,John Doe,28,New York
281,Jane Smith,34,Los Angeles
282,Alice Johnson,45,Chicago
283,Bob Brown,22,Houston
284,Emily White,30,Phoenix
285,John Doe,28,New York
286,Jane Smith,34,Los Angeles
287,Alice Johnson,45,Chicago
288,Bob Brown,22,Houston
289,Emily White,30,Phoenix
290,John Doe,28,New York
291,Jane Smith,34,Los Angeles
292,Alice Johnson,45,Chicago
293,Bob Brown,22,Houston
294,Emily White,30,Phoenix
295,John Doe,28,New York
296,Jane Smith,34,Los Angeles
297,Alice Johnson,45,Chicago
298,Bob Brown,22,Houston
299,Emily White,30,Phoenix
300,John Doe,28,New York
301,Jane Smith,34,Los Angeles
302,Alice Johnson,45,Chicago
303,Bob Brown,22,Houston
304,Emily White,30,Phoenix
305,John Doe,28,New York
306,Jane Smith,34,Los Angeles
307,Alice Johnson,45,Chicago
308,Bob Brown,22,Houston
309,Emily White,30,Phoenix
310,John Doe,28,New York
311,Jane Smith,34,Los Angeles
312,Alice Johnson,45,Chicago
313,Bob Brown,22,Houston
314,Emily White,30,Phoenix
315,John Doe,28,New York
316,Jane Smith,34,Los Angeles
317,Alice Johnson,45,Chicago
318,Bob Brown,22,Houston
319,Emily White,30,Phoenix
320,John Doe,28,New York
321,Jane Smith,34,Los Angeles
322,Alice Johnson,45,Chicago
323,Bob Brown,22,Houston
324,Emily White,30,Phoenix
325,John Doe,28,New York
326,Jane Smith,34,Los Angeles
327,Alice Johnson,45,Chicago
328,Bob Brown,22,Houston
329,Emily White,30,Phoenix
330,John Doe,28,New York
331,Jane Smith,34,Los Angeles
332,Alice Johnson,45,Chicago
333,Bob Brown,22,Houston
334,Emily White,30,Phoenix
335,John Doe,28,New York
336,Jane Smith,34,Los Angeles
337,Alice Johnson,45,Chicago
338,Bob Brown,22,Houston
339,Emily White,30,Phoenix
340,John Doe,28,New York
341,Jane Smith,34,Los Angeles
342,Alice Johnson,45,Chicago
343,Bob Brown,22,Houston
344,Emily White,30,Phoenix
345,John Doe,28,New York
346,Jane Smith,34,Los Angeles
347,Alice Johnson,45,Chicago
348,Bob Brown,22,Houston
349,Emily White,30,Phoenix
350,John Doe,28,New York
351,Jane Smith,34,Los Angeles
352,Alice Johnson,45,Chicago
353,Bob Brown,22,Houston
354,Emily White,30,Phoenix
355,John Doe,28,New York
356,Jane Smith,34,Los Angeles
357,Alice Johnson,45,Chicago
358,Bob Brown,22,Houston
359,Emily White,30,Phoenix
360,John Doe,28,New York
361,Jane Smith,34,Los Angeles
362,Alice Johnson,45,Chicago
363,Bob Brown,22,Houston
364,Emily White,30,Phoenix
365,John Doe,28,New York
366,Jane Smith,34,Los Angeles
367,Alice Johnson,45,Chicago
368,Bob Brown,22,Houston
369,Emily White,30,Phoenix
370,John Doe,28,New York
371,Jane Smith,34,Los Angeles
372,Alice Johnson,45,Chicago
373,Bob Brown,22,Houston
374,Emily White,30,Phoenix
375,John Doe,28,New York
376,Jane Smith,34,Los Angeles
377,Alice Johnson,45,Chicago
378,Bob Brown,22,Houston
379,Emily White,30,Phoenix
380,John Doe,28,New York
381,Jane Smith,34,Los Angeles
382,Alice Johnson,45,Chicago
383,Bob Brown,22,Houston
384,Emily White,30,Phoenix
385,John Doe,28,New York
386,Jane Smith,34,Los Angeles
387,Alice Johnson,45,Chicago
388,Bob Brown,22,Houston
389,Emily White,30,Phoenix
390,John Doe,28,New York
391,Jane Smith,34,Los Angeles
392,Alice Johnson,45,Chicago
393,Bob Brown,22,Houston
394,Emily White,30,Phoenix
395,John Doe,28,New York
396,Jane Smith,34,Los Angeles
397,Alice Johnson,45,Chicago
398,Bob Brown,22,Houston
399,Emily White,30,Phoenix
400,John Doe,28,New York
401,Jane Smith,34,Los Angeles
402,Alice Johnson,45,Chicago
403,Bob Brown,22,Houston
404,Emily White,30,Phoenix
405,John Doe,28,New York
406,Jane Smith,34,Los Angeles
407,Alice Johnson,45,Chicago
408,Bob Brown,22,Houston
409,Emily White,30,Phoenix
410,John Doe,28,New York
411,Jane Smith,34,Los Angeles
412,Alice Johnson,45,Chicago
413,Bob Brown,22,Houston
414,Emily White,30,Phoenix
415,John Doe,28,New York
416,Jane Smith,34,Los Angeles
417,Alice Johnson,45,Chicago
418,Bob Brown,22,Houston
419,Emily White,30,Phoenix
420,John Doe,28,New York
421,Jane Smith,34,Los Angeles
422,Alice Johnson,45,Chicago
423,Bob Brown,22,Houston
424,Emily White,30,Phoenix
425,John Doe,28,New York
426,Jane Smith,34,Los Angeles
427,Alice Johnson,45,Chicago
428,Bob Brown,22,Houston
429,Emily White,30,Phoenix
430,John Doe,28,New York
431,Jane Smith,34,Los Angeles
432,Alice Johnson,45,Chicago
433,Bob Brown,22,Houston
434,Emily White,30,Phoenix
435,John Doe,28,New York
436,Jane Smith,34,Los Angeles
437,Alice Johnson,45,Chicago
438,Bob Brown,22,Houston
439,Emily White,30,Phoenix
440,John Doe,28,New York
441,Jane Smith,34,Los Angeles
442,Alice Johnson,45,Chicago
443,Bob Brown,22,Houston
444,Emily White,30,Phoenix
445,John Doe,28,New York
446,Jane Smith,34,Los Angeles
447,Alice Johnson,45,Chicago
448,Bob Brown,22,Houston
449,Emily White,30,Phoenix
450,John Doe,28,New York
451,Jane Smith,34,Los Angeles
452,Alice Johnson,45,Chicago
453,Bob Brown,22,Houston
454,Emily White,30,Phoenix
455,John Doe,28,New York
456,Jane Smith,34,Los Angeles
457,Alice Johnson,45,Chicago
458,Bob Brown,22,Houston
459,Emily White,30,Phoenix
460,John Doe,28,New York
461,Jane Smith,34,Los Angeles
462,Alice Johnson,45,Chicago
463,Bob Brown,22,Houston
464,Emily White,30,Phoenix
465,John Doe,28,New York
466,Jane Smith,34,Los Angeles
467,Alice Johnson,45,Chicago
468,Bob Brown,22,Houston
469,Emily White,30,Phoenix
470,John Doe,28,New York
471,Jane Smith,34,Los Angeles
472,Alice Johnson,45,Chicago
473,Bob Brown,22,Houston
474,Emily White,30,Phoenix
475,John Doe,28,New York
476,Jane Smith,34,Los Angeles
477,Alice Johnson,45,Chicago
478,Bob Brown,22,Houston
479,Emily White,30,Phoenix
480,John Doe,28,New York
481,Jane Smith,34,Los Angeles
482,Alice Johnson,45,Chicago
483,Bob Brown,22,Houston
484,Emily White,30,Phoenix
485,John Doe,28,New York
486,Jane Smith,34,Los Angeles
487,Alice Johnson,45,Chicago
488,Bob Brown,22,Houston
489,Emily White,30,Phoenix
490,John Doe,28,New York
491,Jane Smith,34,Los Angeles
492,Alice Johnson,45,Chicago
493,Bob Brown,22,Houston
494,Emily White,30,Phoenix
495,John Doe,28,New York
496,Jane Smith,34,Los Angeles
497,Alice Johnson,45,Chicago
498,Bob Brown,22,Houston
499,Emily White,30,Phoenix
500,John Doe,28,New York
